{"assets/icons/icon_bedroom.png":["assets/icons/icon_bedroom.png"],"assets/icons/icon_big_cupboard.png":["assets/icons/icon_big_cupboard.png"],"assets/icons/icon_card.png":["assets/icons/icon_card.png"],"assets/icons/icon_home.png":["assets/icons/icon_home.png"],"assets/icons/icon_kitchen.png":["assets/icons/icon_kitchen.png"],"assets/icons/icon_love.png":["assets/icons/icon_love.png"],"assets/icons/icon_mail.png":["assets/icons/icon_mail.png"],"assets/images/404.png":["assets/images/404.png"],"assets/images/cities/aceh.png":["assets/images/cities/aceh.png"],"assets/images/cities/bandung.png":["assets/images/cities/bandung.png"],"assets/images/cities/bogor.png":["assets/images/cities/bogor.png"],"assets/images/cities/jakarta.png":["assets/images/cities/jakarta.png"],"assets/images/cities/palembang.png":["assets/images/cities/palembang.png"],"assets/images/cities/surabaya.png":["assets/images/cities/surabaya.png"],"assets/images/image_cg.png":["assets/images/image_cg.png"],"assets/images/image_jf.png":["assets/images/image_jf.png"],"assets/images/logo.png":["assets/images/logo.png"],"assets/images/splash_screen.png":["assets/images/splash_screen.png"],"packages/cupertino_icons/assets/CupertinoIcons.ttf":["packages/cupertino_icons/assets/CupertinoIcons.ttf"],"packages/rflutter_alert/assets/images/close.png":["packages/rflutter_alert/assets/images/close.png","packages/rflutter_alert/assets/images/2.0x/close.png","packages/rflutter_alert/assets/images/3.0x/close.png"],"packages/rflutter_alert/assets/images/icon_error.png":["packages/rflutter_alert/assets/images/icon_error.png","packages/rflutter_alert/assets/images/2.0x/icon_error.png","packages/rflutter_alert/assets/images/3.0x/icon_error.png"],"packages/rflutter_alert/assets/images/icon_info.png":["packages/rflutter_alert/assets/images/icon_info.png","packages/rflutter_alert/assets/images/2.0x/icon_info.png","packages/rflutter_alert/assets/images/3.0x/icon_info.png"],"packages/rflutter_alert/assets/images/icon_success.png":["packages/rflutter_alert/assets/images/icon_success.png","packages/rflutter_alert/assets/images/2.0x/icon_success.png","packages/rflutter_alert/assets/images/3.0x/icon_success.png"],"packages/rflutter_alert/assets/images/icon_warning.png":["packages/rflutter_alert/assets/images/icon_warning.png","packages/rflutter_alert/assets/images/2.0x/icon_warning.png","packages/rflutter_alert/assets/images/3.0x/icon_warning.png"]}